{
  "project_info": {
    "project_number": "637514447001",
    "firebase_url": "https://my-house-16fd9.firebaseio.com",
    "project_id": "my-house-16fd9",
    "storage_bucket": "my-house-16fd9.appspot.com"
  },
  "client": [
    {
      "client_info": {
        "mobilesdk_app_id": "1:637514447001:android:ec33a837b5db6e78fde008",
        "android_client_info": {
          "package_name": "com.example.myhouse"
        }
      },
      "oauth_client": [
        {
          "client_id": "637514447001-rvfbp0ag7llf0bdh1r5ifl63hl7o7kkb.apps.googleusercontent.com",
          "client_type": 3
        }
      ],
      "api_key": [
        {
          "current_key": "AIzaSyBJcl_2rp0g3J_SGhl2ROxZns1mH1zmpqk"
        }
      ],
      "services": {
        "appinvite_service": {
          "other_platform_oauth_client": [
            {
              "client_id": "637514447001-rvfbp0ag7llf0bdh1r5ifl63hl7o7kkb.apps.googleusercontent.com",
              "client_type": 3
            }
          ]
        }
      }
    }
  ],
  "configuration_version": "1"
}